{"packages/cupertino_icons/assets/CupertinoIcons.ttf":["packages/cupertino_icons/assets/CupertinoIcons.ttf"],"images/aquatics.png":["images/aquatics.png"],"images/asmita_new.png":["images/asmita_new.png"],"images/asmita_neww.png":["images/asmita_neww.png"],"images/athleticsfield.png":["images/athleticsfield.png"],"images/athleticstrack.png":["images/athleticstrack.png"],"images/auction.jpeg":["images/auction.jpeg"],"images/auction.png":["images/auction.png"],"images/badminton.png":["images/badminton.png"],"images/basketball.png":["images/basketball.png"],"images/carrom.png":["images/carrom.png"],"images/challange.jpeg":["images/challange.jpeg"],"images/challange.jpg":["images/challange.jpg"],"images/chess.png":["images/chess.png"],"images/chess2.jpeg":["images/chess2.jpeg"],"images/cod.jpg":["images/cod.jpg"],"images/cricket.png":["images/cricket.png"],"images/csgo.jpeg":["images/csgo.jpeg"],"images/csgo2.jpeg":["images/csgo2.jpeg"],"images/event.jpeg":["images/event.jpeg"],"images/event2.png":["images/event2.png"],"images/football.png":["images/football.png"],"images/image.jpeg":["images/image.jpeg"],"fonts/nunitosans_black.ttf":["fonts/nunitosans_black.ttf"],"images/powerlifting.png":["images/powerlifting.png"],"images/quiz.jpg":["images/quiz.jpg"],"images/quiz2.jpeg":["images/quiz2.jpeg"],"images/sketch.jpeg":["images/sketch.jpeg"],"images/skribble.jpeg":["images/skribble.jpeg"],"images/snooker.png":["images/snooker.png"],"images/soccerr.jpg":["images/soccerr.jpg"],"images/sponsers.png":["images/sponsers.png"],"images/squash.png":["images/squash.png"],"images/tabletennis.png":["images/tabletennis.png"],"images/team.jpeg":["images/team.jpeg"],"images/team2.jpeg":["images/team2.jpeg"],"images/team3.jpeg":["images/team3.jpeg"],"images/trixxter.jpeg":["images/trixxter.jpeg"],"images/updates.jpeg":["images/updates.jpeg"],"images/volleyball.png":["images/volleyball.png"]}